<?xml version="1.0" encoding="UTF-8"?>
<?xml-stylesheet type="text/xsl" href="datasheetMainDoc.xsl"?>
<ROOT fnameprefix="Interactive.11" runMode="Single Run, Sweeps and Corners" dsAuthorName="work" dsCreationDateTime="15 Oct 2024 17:39:10" dsUserName="work" enableCpkPerc="disEnable" name="Interactive.11" parasiticsRunMode="None">
    <SETUPSUMMARY cell="2D_100x100" view="adexl" lib="ICECS2024_MYC_EL_AC"/>
    <CORNERS/>
    <VARS>
        <VAR name="W">50*L</VAR>
        <VAR name="L">180n</VAR>
        <VAR name="t_ctrl">400m</VAR>
        <VAR name="t_stim">2m</VAR>
        <VAR name="td_stim_25_2">510m</VAR>
        <VAR name="td_stim_center">410m</VAR>
        <VAR name="R_OSC">2.5M</VAR>
        <VAR name="R_delay_first_stage">1k</VAR>
        <VAR name="R_delay_second_stage">1k</VAR>
        <VAR name="R_ext">2k</VAR>
        <VAR name="R_mean">850</VAR>
        <VAR name="V_ctrl">1</VAR>
        <VAR name="V_en">8</VAR>
        <VAR name="V_stim">0.4</VAR>
        <VAR name="V_ref">0.2</VAR>
        <VAR name="V_K_FF">1</VAR>
        <VAR name="V_high_AND">1</VAR>
        <VAR name="V_high_FF">0.12</VAR>
        <VAR name="V_high_OR">1</VAR>
        <VAR name="V_high_XOR">1</VAR>
        <VAR name="V_low_AND">0</VAR>
        <VAR name="V_low_FF">0</VAR>
        <VAR name="V_low_OR">0</VAR>
        <VAR name="V_low_XOR">0</VAR>
        <VAR name="V_trans_AND">0.1</VAR>
        <VAR name="V_trans_clk_FF">0.3</VAR>
        <VAR name="V_trans_FF">0.3</VAR>
        <VAR name="V_trans_OR">0.15</VAR>
        <VAR name="V_trans_XOR">0.15</VAR>
        <VAR name="C_delay_first_stage">1n</VAR>
        <VAR name="C_delay_second_stage">1.24u</VAR>
        <VAR name="C_OSC">2n</VAR>
    </VARS>
    <PARAMS>
        <LOCATIONS/>
    </PARAMS>
    <MODELGROUPS/>
    <TESTS>
        <TEST cell="2D_100x100" view="schematic" simultor="spectre" state="ICECS2024_MYC_EL_AC:2D_100x100:1_none_Interactive.11" lib="ICECS2024_MYC_EL_AC">ICECS2024_MYC_EL_AC:2D_100x100:1</TEST>
    </TESTS>
    <RESULTSSUMMARY>
        <RSITEM minVal="No Values" expType="expr" test="ICECS2024_MYC_EL_AC:2D_100x100:1" resultName="central" expName="((VT(&quot;/I2367/net070&quot;) - VT(&quot;/I2367/net015&quot;)) / IT(&quot;/I2367/I34/top&quot;))" maxVal="No Values"/>
        <RSITEM minVal="No Values" expType="expr" test="ICECS2024_MYC_EL_AC:2D_100x100:1" resultName="off" expName="((VT(&quot;/I5035/net070&quot;) - VT(&quot;/I5035/net015&quot;)) / IT(&quot;/I5035/I34/top&quot;))" maxVal="No Values"/>
        <RSITEM minVal="No Values" expType="expr" test="ICECS2024_MYC_EL_AC:2D_100x100:1" resultName="on" expName="((VT(&quot;/I5471/net070&quot;) - VT(&quot;/I5471/net015&quot;)) / IT(&quot;/I5471/I34/top&quot;))" maxVal="No Values"/>
    </RESULTSSUMMARY>
    <TESTDOCS>
        <TESTDOC testFileName="ICECS2024_MYC_EL_AC_2D_100x100_1" testName="ICECS2024_MYC_EL_AC:2D_100x100:1"/>
    </TESTDOCS>
</ROOT>
