<?xml version="1.0" encoding="UTF-8"?>
<?xml-stylesheet type="text/xsl" href="datasheetTestDoc.xsl"?>
<ROOT runMode="Single Run, Sweeps and Corners" dsAuthorName="work" dsCreationDateTime="15 Oct 2024 17:39:10" dsUserName="work" enableCpkPerc="disEnable" name="ICECS2024_MYC_EL_AC:2D_100x100:1" parasiticsRunMode="None" mainfnameprefix="Interactive.11">
    <RESULTSSUMMARY>
        <RSITEM minVal="No Values" expType="expr" test="ICECS2024_MYC_EL_AC:2D_100x100:1" resultName="central" expName="((VT(&quot;/I2367/net070&quot;) - VT(&quot;/I2367/net015&quot;)) / IT(&quot;/I2367/I34/top&quot;))" maxVal="No Values"/>
        <RSITEM minVal="No Values" expType="expr" test="ICECS2024_MYC_EL_AC:2D_100x100:1" resultName="off" expName="((VT(&quot;/I5035/net070&quot;) - VT(&quot;/I5035/net015&quot;)) / IT(&quot;/I5035/I34/top&quot;))" maxVal="No Values"/>
        <RSITEM minVal="No Values" expType="expr" test="ICECS2024_MYC_EL_AC:2D_100x100:1" resultName="on" expName="((VT(&quot;/I5471/net070&quot;) - VT(&quot;/I5471/net015&quot;)) / IT(&quot;/I5471/I34/top&quot;))" maxVal="No Values"/>
    </RESULTSSUMMARY>
    <CORNERSPECS/>
    <RESULTS>
        <INPUTPARAMS>
            <INPUTPARAM id="1" name="W" testName="ICECS2024_MYC_EL_AC:2D_100x100:1">
                <DESIGNPOINT dpId="1">
                    <VALUE corner="Nominal" pid="1">9u</VALUE>
                </DESIGNPOINT>
            </INPUTPARAM>
            <INPUTPARAM id="2" name="L" testName="ICECS2024_MYC_EL_AC:2D_100x100:1">
                <DESIGNPOINT dpId="1">
                    <VALUE corner="Nominal" pid="1">180n</VALUE>
                </DESIGNPOINT>
            </INPUTPARAM>
            <INPUTPARAM id="3" name="t_ctrl" testName="ICECS2024_MYC_EL_AC:2D_100x100:1">
                <DESIGNPOINT dpId="1">
                    <VALUE corner="Nominal" pid="1">400m</VALUE>
                </DESIGNPOINT>
            </INPUTPARAM>
            <INPUTPARAM id="4" name="t_stim" testName="ICECS2024_MYC_EL_AC:2D_100x100:1">
                <DESIGNPOINT dpId="1">
                    <VALUE corner="Nominal" pid="1">2m</VALUE>
                </DESIGNPOINT>
            </INPUTPARAM>
            <INPUTPARAM id="5" name="td_stim_25_2" testName="ICECS2024_MYC_EL_AC:2D_100x100:1">
                <DESIGNPOINT dpId="1">
                    <VALUE corner="Nominal" pid="1">510m</VALUE>
                </DESIGNPOINT>
            </INPUTPARAM>
            <INPUTPARAM id="6" name="td_stim_center" testName="ICECS2024_MYC_EL_AC:2D_100x100:1">
                <DESIGNPOINT dpId="1">
                    <VALUE corner="Nominal" pid="1">410m</VALUE>
                </DESIGNPOINT>
            </INPUTPARAM>
            <INPUTPARAM id="7" name="R_OSC" testName="ICECS2024_MYC_EL_AC:2D_100x100:1">
                <DESIGNPOINT dpId="1">
                    <VALUE corner="Nominal" pid="1">2.5M</VALUE>
                </DESIGNPOINT>
            </INPUTPARAM>
            <INPUTPARAM id="8" name="R_delay_first_stage" testName="ICECS2024_MYC_EL_AC:2D_100x100:1">
                <DESIGNPOINT dpId="1">
                    <VALUE corner="Nominal" pid="1">1k</VALUE>
                </DESIGNPOINT>
            </INPUTPARAM>
            <INPUTPARAM id="9" name="R_delay_second_stage" testName="ICECS2024_MYC_EL_AC:2D_100x100:1">
                <DESIGNPOINT dpId="1">
                    <VALUE corner="Nominal" pid="1">1k</VALUE>
                </DESIGNPOINT>
            </INPUTPARAM>
            <INPUTPARAM id="10" name="R_ext" testName="ICECS2024_MYC_EL_AC:2D_100x100:1">
                <DESIGNPOINT dpId="1">
                    <VALUE corner="Nominal" pid="1">2k</VALUE>
                </DESIGNPOINT>
            </INPUTPARAM>
            <INPUTPARAM id="11" name="R_mean" testName="ICECS2024_MYC_EL_AC:2D_100x100:1">
                <DESIGNPOINT dpId="1">
                    <VALUE corner="Nominal" pid="1">850</VALUE>
                </DESIGNPOINT>
            </INPUTPARAM>
            <INPUTPARAM id="12" name="V_ctrl" testName="ICECS2024_MYC_EL_AC:2D_100x100:1">
                <DESIGNPOINT dpId="1">
                    <VALUE corner="Nominal" pid="1">1</VALUE>
                </DESIGNPOINT>
            </INPUTPARAM>
            <INPUTPARAM id="13" name="V_en" testName="ICECS2024_MYC_EL_AC:2D_100x100:1">
                <DESIGNPOINT dpId="1">
                    <VALUE corner="Nominal" pid="1">8</VALUE>
                </DESIGNPOINT>
            </INPUTPARAM>
            <INPUTPARAM id="14" name="V_stim" testName="ICECS2024_MYC_EL_AC:2D_100x100:1">
                <DESIGNPOINT dpId="1">
                    <VALUE corner="Nominal" pid="1">400m</VALUE>
                </DESIGNPOINT>
            </INPUTPARAM>
            <INPUTPARAM id="15" name="V_ref" testName="ICECS2024_MYC_EL_AC:2D_100x100:1">
                <DESIGNPOINT dpId="1">
                    <VALUE corner="Nominal" pid="1">200m</VALUE>
                </DESIGNPOINT>
            </INPUTPARAM>
            <INPUTPARAM id="16" name="V_K_FF" testName="ICECS2024_MYC_EL_AC:2D_100x100:1">
                <DESIGNPOINT dpId="1">
                    <VALUE corner="Nominal" pid="1">1</VALUE>
                </DESIGNPOINT>
            </INPUTPARAM>
            <INPUTPARAM id="17" name="V_high_AND" testName="ICECS2024_MYC_EL_AC:2D_100x100:1">
                <DESIGNPOINT dpId="1">
                    <VALUE corner="Nominal" pid="1">1</VALUE>
                </DESIGNPOINT>
            </INPUTPARAM>
            <INPUTPARAM id="18" name="V_high_FF" testName="ICECS2024_MYC_EL_AC:2D_100x100:1">
                <DESIGNPOINT dpId="1">
                    <VALUE corner="Nominal" pid="1">120m</VALUE>
                </DESIGNPOINT>
            </INPUTPARAM>
            <INPUTPARAM id="19" name="V_high_OR" testName="ICECS2024_MYC_EL_AC:2D_100x100:1">
                <DESIGNPOINT dpId="1">
                    <VALUE corner="Nominal" pid="1">1</VALUE>
                </DESIGNPOINT>
            </INPUTPARAM>
            <INPUTPARAM id="20" name="V_high_XOR" testName="ICECS2024_MYC_EL_AC:2D_100x100:1">
                <DESIGNPOINT dpId="1">
                    <VALUE corner="Nominal" pid="1">1</VALUE>
                </DESIGNPOINT>
            </INPUTPARAM>
            <INPUTPARAM id="21" name="V_low_AND" testName="ICECS2024_MYC_EL_AC:2D_100x100:1">
                <DESIGNPOINT dpId="1">
                    <VALUE corner="Nominal" pid="1">0</VALUE>
                </DESIGNPOINT>
            </INPUTPARAM>
            <INPUTPARAM id="22" name="V_low_FF" testName="ICECS2024_MYC_EL_AC:2D_100x100:1">
                <DESIGNPOINT dpId="1">
                    <VALUE corner="Nominal" pid="1">0</VALUE>
                </DESIGNPOINT>
            </INPUTPARAM>
            <INPUTPARAM id="23" name="V_low_OR" testName="ICECS2024_MYC_EL_AC:2D_100x100:1">
                <DESIGNPOINT dpId="1">
                    <VALUE corner="Nominal" pid="1">0</VALUE>
                </DESIGNPOINT>
            </INPUTPARAM>
            <INPUTPARAM id="24" name="V_low_XOR" testName="ICECS2024_MYC_EL_AC:2D_100x100:1">
                <DESIGNPOINT dpId="1">
                    <VALUE corner="Nominal" pid="1">0</VALUE>
                </DESIGNPOINT>
            </INPUTPARAM>
            <INPUTPARAM id="25" name="V_trans_AND" testName="ICECS2024_MYC_EL_AC:2D_100x100:1">
                <DESIGNPOINT dpId="1">
                    <VALUE corner="Nominal" pid="1">100m</VALUE>
                </DESIGNPOINT>
            </INPUTPARAM>
            <INPUTPARAM id="26" name="V_trans_clk_FF" testName="ICECS2024_MYC_EL_AC:2D_100x100:1">
                <DESIGNPOINT dpId="1">
                    <VALUE corner="Nominal" pid="1">300m</VALUE>
                </DESIGNPOINT>
            </INPUTPARAM>
            <INPUTPARAM id="27" name="V_trans_FF" testName="ICECS2024_MYC_EL_AC:2D_100x100:1">
                <DESIGNPOINT dpId="1">
                    <VALUE corner="Nominal" pid="1">300m</VALUE>
                </DESIGNPOINT>
            </INPUTPARAM>
            <INPUTPARAM id="28" name="V_trans_OR" testName="ICECS2024_MYC_EL_AC:2D_100x100:1">
                <DESIGNPOINT dpId="1">
                    <VALUE corner="Nominal" pid="1">150m</VALUE>
                </DESIGNPOINT>
            </INPUTPARAM>
            <INPUTPARAM id="29" name="V_trans_XOR" testName="ICECS2024_MYC_EL_AC:2D_100x100:1">
                <DESIGNPOINT dpId="1">
                    <VALUE corner="Nominal" pid="1">150m</VALUE>
                </DESIGNPOINT>
            </INPUTPARAM>
            <INPUTPARAM id="30" name="C_delay_first_stage" testName="ICECS2024_MYC_EL_AC:2D_100x100:1">
                <DESIGNPOINT dpId="1">
                    <VALUE corner="Nominal" pid="1">1n</VALUE>
                </DESIGNPOINT>
            </INPUTPARAM>
            <INPUTPARAM id="31" name="C_delay_second_stage" testName="ICECS2024_MYC_EL_AC:2D_100x100:1">
                <DESIGNPOINT dpId="1">
                    <VALUE corner="Nominal" pid="1">1.24u</VALUE>
                </DESIGNPOINT>
            </INPUTPARAM>
            <INPUTPARAM id="32" name="C_OSC" testName="ICECS2024_MYC_EL_AC:2D_100x100:1">
                <DESIGNPOINT dpId="1">
                    <VALUE corner="Nominal" pid="1">2n</VALUE>
                </DESIGNPOINT>
            </INPUTPARAM>
        </INPUTPARAMS>
        <TESTOUTPUTS>
            <TESTOUTPUT testname="ICECS2024_MYC_EL_AC:2D_100x100:1" id="1">
                <OUTPUTPARAMS/>
            </TESTOUTPUT>
        </TESTOUTPUTS>
    </RESULTS>
    <WAVEFORMS/>
</ROOT>
